Name,Notes,Latitude,Longitude,Method,Google Maps URL
,,,,,
Rainbow Bend State Forest Campground,,44.6697377,-84.4177964,Google canonical URL + verified,https://www.google.com/maps/place/Rainbow+Bend+State+Forest+Campground/data=!4m2!3m1!1s0x882065987cfadbe1:0x40ff890d184b7e97
"44°40'35.8""N 84°32'52.4""W",,44.6766125,-84.5478871,Direct KML URL,"https://www.google.com/maps/search/44.6766125,-84.5478871"
Grayling City Park,,44.6599493,-84.7132973,Google canonical URL + verified,https://www.google.com/maps/place/Grayling+City+Park/data=!4m2!3m1!1s0x882011474b7b6319:0x42876f98b4b00cbf
Dropped pin,,44.6711054,-84.6571121,Direct KML URL,"https://www.google.com/maps/search/44.6711054,-84.6571121"
Thendara public access,,44.669646,-84.6067379,Google canonical URL + verified,https://www.google.com/maps/place/Thendara+public+access/data=!4m2!3m1!1s0x8820130077249f43:0x9495a589e6d38625
Parmalee Canoe Launch,,44.6752289,-84.2930456,Google canonical URL + verified,https://www.google.com/maps/place/Parmalee+Canoe+Launch/data=!4m2!3m1!1s0x882063b71d133e23:0x17e4637303561df
"44°40'00.9""N 84°24'08.1""W",,44.6669239,-84.4022435,Direct KML URL,"https://www.google.com/maps/search/44.6669239,-84.4022435"
Dropped pin,,44.4389144,-83.4364907,Direct KML URL,"https://www.google.com/maps/search/44.4389144,-83.4364907"
Foote Site Boat Launch,,44.4367241,-83.4339345,Google canonical URL + verified,https://www.google.com/maps/place/Foote+Site+Boat+Launch/data=!4m2!3m1!1s0x882731550911fd61:0x665645efe81ec6e0
4001 Bridge Landing,,44.6116612,-83.8368529,Google canonical URL + verified,https://www.google.com/maps/place/4001+Bridge+Landing/data=!4m2!3m1!1s0x8820bb164508fd3d:0x29928ad9e67986fd
Davis Rest Stop,,44.651158,-83.992207,Google canonical URL + verified,https://www.google.com/maps/place/Davis+Rest+Stop/data=!4m2!3m1!1s0x882096e1303f177d:0x272695a6a9132e92
McKinley Landing,,44.642137,-83.9415889,Google canonical URL + verified,https://www.google.com/maps/place/McKinley+Landing/data=!4m2!3m1!1s0x88209625409fbe13:0x3d303181756d7a7c
Fed Trail 4291 Canoe Kayak landing,,44.6637982,-84.0148615,Google canonical URL + verified,https://www.google.com/maps/place/Fed+Trail+4291+Canoe+Kayak+landing/data=!4m2!3m1!1s0x8820972d1c96d42f:0xfba4786aa223617d
Au Sable River - Comins Flats Boat Launch,,44.6538875,-84.0432656,Google canonical URL + verified,https://www.google.com/maps/place/Au+Sable+River+-+Comins+Flats+Boat+Launch/data=!4m2!3m1!1s0x882091a074ebcef7:0x9569a18b2bf729f5
Fed Trail 4366 Canoe Kayak Landing,,44.6582134,-84.0919081,Google canonical URL + verified,https://www.google.com/maps/place/Fed+Trail+4366+Canoe+Kayak+Landing/data=!4m2!3m1!1s0x882091d28a83b007:0xb9ebf72dea906324
Fed Trail 4367 Canoe Landing,,44.6613742,-84.1050814,Google canonical URL + verified,https://www.google.com/maps/place/Fed+Trail+4367+Canoe+Landing/data=!4m2!3m1!1s0x88208fd4ca554ab9:0x5301c85d8f9685e1
Whirlpool Canoe Launch,,44.682142,-84.240852,Google canonical URL + verified,https://www.google.com/maps/place/Whirlpool+Canoe+Launch/data=!4m2!3m1!1s0x882089245f1df277:0xfe8a8ba3986f8744
Dropped pin,,44.6621115,-84.682126,Direct KML URL,"https://www.google.com/maps/search/44.6621115,-84.682126"
"44°39'19.5""N 84°29'13.4""W",,44.6554256,-84.487052,Direct KML URL,"https://www.google.com/maps/search/44.6554256,-84.487052"
Dropped pin,,44.6766704,-84.5621367,Direct KML URL,"https://www.google.com/maps/search/44.6766704,-84.5621367"
Camp 10 Bridge Boat Launch,,44.6686401,-84.1782531,Google canonical URL + verified,https://www.google.com/maps/place/Camp+10+Bridge+Boat+Launch/data=!4m2!3m1!1s0x88208f8c205664d1:0xd6fe0c2d39146f04
Dropped pin,,42.3032984,-71.2107383,Direct KML URL,"https://www.google.com/maps/search/42.3032984,-71.2107383"
Dropped pin,,42.3028109,-71.2107912,Direct KML URL,"https://www.google.com/maps/search/42.3028109,-71.2107912"
Holyoke Rows,,42.1725578,-72.6301956,Google canonical URL + verified,https://www.google.com/maps/place/Holyoke+Rows/data=!4m2!3m1!1s0x89e6de6cf3943835:0xc6abc9225033b2be
"42°30'25.8""N 74°59'11.7""W",,42.507172,-74.986589,Direct KML URL,"https://www.google.com/maps/search/42.507172,-74.986589"
Crumhorn Fishing Access Site,,42.5568279,-74.9423089,Google canonical URL + verified,https://www.google.com/maps/place/Crumhorn+Fishing+Access+Site/data=!4m2!3m1!1s0x89dc0b3784972f5b:0x8e1f324c39b1e23e
Quai de La Tuque,,47.4289138,-72.7951885,Google canonical URL + verified,https://www.google.com/maps/place/Quai+de+La+Tuque/data=!4m2!3m1!1s0x4cc15322e4366a23:0x95af0d2806889385
Decker Boat Ramp,,42.3937426,-73.242512,Google canonical URL + verified,https://www.google.com/maps/place/Decker+Boat+Ramp/data=!4m2!3m1!1s0x89e745634048b633:0x64f001641178c125
"21°05'13.1""N 157°14'53.9""W",,21.086978,-157.248295,Direct KML URL,"https://www.google.com/maps/search/21.086978,-157.248295"
Kailua Beach Parking,,21.3962537,-157.7258983,Google canonical URL + verified,https://www.google.com/maps/place/Kailua+Beach+Parking/data=!4m2!3m1!1s0x7c0014e34cd93a51:0xb302214d3136cf73
Boat Launch,,43.4225495,-75.2078131,Google canonical URL + verified,https://www.google.com/maps/place/Boat+Launch/data=!4m2!3m1!1s0x89d92711fa436f01:0x8418bea82ff1c0bd
Dropped pin,,43.4069248,-75.1638265,Direct KML URL,"https://www.google.com/maps/search/43.4069248,-75.1638265"
Dropped pin,,42.5996498,-74.9516913,Direct KML URL,"https://www.google.com/maps/search/42.5996498,-74.9516913"
Dropped pin,,43.2030853,-75.4783896,Direct KML URL,"https://www.google.com/maps/search/43.2030853,-75.4783896"
Nancy Brown Wildlife Sanctuary,,43.0630814,-76.2689208,Google canonical URL + verified,https://www.google.com/maps/place/Nancy+Brown+Wildlife+Sanctuary/data=!4m2!3m1!1s0x89d9f112babfb565:0x7b5006c56d398921
Erie Canal Park,,43.0524822,-76.3029769,Google canonical URL + verified,https://www.google.com/maps/place/Erie+Canal+Park/data=!4m2!3m1!1s0x89d9fa4b87b34c35:0x78e0b1be70147d93
Dropped pin,,42.3138478,-75.3999672,Direct KML URL,"https://www.google.com/maps/search/42.3138478,-75.3999672"
Dorthie Land boat ramp,,29.8833808,-82.889122,Google canonical URL + verified,https://www.google.com/maps/place/Dorthie+Land+boat+ramp/data=!4m2!3m1!1s0x88e8d5e6f916f1e5:0xcd0b87d8bcebd4c9
Honeywell Canoe and Kayak Launch,,43.0780443,-76.2284228,Google canonical URL + verified,https://www.google.com/maps/place/Honeywell+Canoe+and+Kayak+Launch/data=!4m2!3m1!1s0x89d9f1c32cb2eb81:0x2fbee96d605675fb
ken lynch boat launch,,43.0724605,-76.2054882,Google canonical URL + verified,https://www.google.com/maps/place/ken+lynch+boat+launch/data=!4m2!3m1!1s0x89d9f175d5ebe5cd:0x2c152bfd0d97fbf0
Dropped pin,,43.0394467,-77.1540665,Direct KML URL,"https://www.google.com/maps/search/43.0394467,-77.1540665"
Macedon Canal Park,,43.072683,-77.3019278,Google canonical URL + verified,https://www.google.com/maps/place/Macedon+Canal+Park/data=!4m2!3m1!1s0x89d12cb09fe16a7b:0x7ebb36aa8d21cd94
Riverview Picnic Area,,42.6124886,-72.4784086,Google canonical URL + verified,https://www.google.com/maps/place/Riverview+Picnic+Area/data=!4m2!3m1!1s0x89e13af737747987:0x9cf496a8f88c6c0f
Au Sable River Whirlpool Rd Access,,44.6664928,-84.61705,Google canonical URL + verified,https://www.google.com/maps/place/Au+Sable+River+Whirlpool+Rd+Access/data=!4m2!3m1!1s0x88201333480ebe45:0xedeeab5384a7f4c6
Whirlpool Angler Access,,44.4323903,-83.3908985,Google canonical URL + verified,https://www.google.com/maps/place/Whirlpool+Angler+Access/data=!4m2!3m1!1s0x88273a27b5f50ca3:0x5ed6c29c612fc715
Finish Line Park,,44.4158226,-83.3302595,Google canonical URL + verified,https://www.google.com/maps/place/Finish+Line+Park/data=!4m2!3m1!1s0x88273c0c0da02f87:0x3fb1fa783fb7c978
Luzerne Park Boat Ramp,,44.6754269,-84.2725303,Google canonical URL + verified,https://www.google.com/maps/place/Luzerne+Park+Boat+Ramp/data=!4m2!3m1!1s0x882063745a2241f5:0xfc193221b8c3b93d
John B Sargeant Sr Park,,28.0799219,-82.285506,Google canonical URL + verified,https://www.google.com/maps/place/John+B+Sargeant+Sr+Park/data=!4m2!3m1!1s0x88c2ca0a851e1577:0x2114e5fb133e6bf8
Hillsborough River State Park,,28.1426507,-82.227154,Google canonical URL + verified,https://www.google.com/maps/place/Hillsborough+River+State+Park/data=!4m2!3m1!1s0x88c2b4c89a3fd72b:0xf59a82c2814509d3
S Thendara Rd,,44.669221,-84.6067408,Google canonical URL + verified,https://www.google.com/maps/place/S+Thendara+Rd/data=!4m2!3m1!1s0x882013352584658b:0x6c24fc063ae58ae0
Louies Landing Rd,,44.6654506,-84.6375225,Google canonical URL + verified,https://www.google.com/maps/place/Louies+Landing+Rd/data=!4m2!3m1!1s0x8820137275eae4c3:0xc6612d025e963718
Dropped pin,,43.7110185,-75.3988853,Direct KML URL,"https://www.google.com/maps/search/43.7110185,-75.3988853"
Dropped pin,,42.3151769,-75.4143844,Direct KML URL,"https://www.google.com/maps/search/42.3151769,-75.4143844"
Hal W. Adams boat ramp,,30.0986094,-83.1709332,Google canonical URL + verified,https://www.google.com/maps/place/Hal+W.+Adams+boat+ramp/data=!4m2!3m1!1s0x88eec940404946e5:0x70e4811b3d96a607
Ampersand Bay Public Boat Launch,,44.3260846,-74.1548262,Google canonical URL + verified,https://www.google.com/maps/place/Ampersand+Bay+Public+Boat+Launch/data=!4m2!3m1!1s0x4ccb1b0012941fd3:0xa94783659d7fc167
Dropped pin,,44.1963505,-74.4621828,Direct KML URL,"https://www.google.com/maps/search/44.1963505,-74.4621828"
Quais municipaux pour les embarcations non-motorisées,,46.5412293,-72.7420101,Google canonical URL + verified,https://www.google.com/maps/place/Quais+municipaux+pour+les+embarcations+non-motoris%C3%A9es/data=!4m2!3m1!1s0x4cc64dc05789d9ad:0x90c8a66e47b3906f
Taylor Park,,44.5711774,-75.1641722,Google canonical URL + verified,https://www.google.com/maps/place/Taylor+Park/data=!4m2!3m1!1s0x4cccf5f98cd69b09:0xb3d5f7c85e3e373a
Genesee Waterways Center,,43.12285,-77.636561,Google canonical URL + verified,https://www.google.com/maps/place/Genesee+Waterways+Center/data=!4m2!3m1!1s0x89d6b4b389bd4537:0xa82ab002bfe74b15
Lake Ontario Sand Beach,,43.2384122,-77.5640113,Google canonical URL + verified,https://www.google.com/maps/place/Lake+Ontario+Sand+Beach/data=!4m2!3m1!1s0x89d6b7cf05916d9b:0xf9d5d5416f5c6fcf
Irondequoit Bay Small Boat Harbor,,43.2346972,-77.5349721,Google canonical URL + verified,https://www.google.com/maps/place/Irondequoit+Bay+Small+Boat+Harbor/data=!4m2!3m1!1s0x89d6c8465e95041b:0x72f02c6e56a462fc
Irondequoit Bay Park West Boat Launch,,43.1831655,-77.5277495,Google canonical URL + verified,https://www.google.com/maps/place/Irondequoit+Bay+Park+West+Boat+Launch/data=!4m2!3m1!1s0x89d6ca27e17f01a5:0x1ee3e86661b113a3
Schroon River Fishing Access (Route 74),,43.8738142,-73.7415551,Google canonical URL + verified,https://www.google.com/maps/place/Schroon+River+Fishing+Access+(Route+74)/data=!4m2!3m1!1s0x4ccab564aa92a399:0xbf9472cb1348c2be
Canoe kayak launch,,44.3306578,-74.1261546,Google canonical URL + verified,https://www.google.com/maps/place/Canoe+kayak+launch/data=!4m2!3m1!1s0x4ccb1b4e64fa4b55:0x6e5c57ea64a0ca6e
"43°09'29.0""N 76°20'12.2""W",,43.158067,-76.336732,Direct KML URL,"https://www.google.com/maps/search/43.158067,-76.336732"
"42°54'08.0""N 76°51'27.5""W",,42.90223,-76.857635,Direct KML URL,"https://www.google.com/maps/search/42.90223,-76.857635"
Blue Run of Dunnellon Park,,29.0493418,-82.4466984,Google canonical URL + verified,https://www.google.com/maps/place/Blue+Run+of+Dunnellon+Park/data=!4m2!3m1!1s0x88e865bb9b1e6693:0xc94299a50404766d
Au Sable River - Wakeley Bridge Boat Launch,,44.6588875,-84.5047969,Google canonical URL + verified,https://www.google.com/maps/place/Au+Sable+River+-+Wakeley+Bridge+Boat+Launch/data=!4m2!3m1!1s0x88206fb96bb5aea5:0x4d6d9b2524586fb8
Keystone Canoe & Kayak Landing,,44.6650117,-84.6273309,Google canonical URL + verified,https://www.google.com/maps/place/Keystone+Canoe+%26+Kayak+Landing/data=!4m2!3m1!1s0x8820136a73fbfc23:0x7549c045c7e97959
Stephan Bridge Canoe Kayak landing,,44.6790128,-84.5735022,Google canonical URL + verified,https://www.google.com/maps/place/Stephan+Bridge+Canoe+Kayak+landing/data=!4m2!3m1!1s0x88206cfb43a971c9:0x21f23bee26260756
Burton's Canoe & Kayak Landing,,44.6629285,-84.6467587,Google canonical URL + verified,https://www.google.com/maps/place/Burton's+Canoe+%26+Kayak+Landing/data=!4m2!3m1!1s0x8820137638e19f6b:0xbfe846c421c9a425
Penrod's AuSable Canoe and Kayak,,44.6617486,-84.7076238,Google canonical URL + verified,https://www.google.com/maps/place/Penrod's+AuSable+Canoe+and+Kayak/data=!4m2!3m1!1s0x8820114888ef00eb:0x859967f34016e4c4
Greevy Boat Ramp,,41.244847,-76.9628227,Google canonical URL + verified,https://www.google.com/maps/place/Greevy+Boat+Ramp/data=!4m2!3m1!1s0x89cfa688407203bd:0x257e9e8eca18ea53
Suwannee River State Park - Ranger Station,,30.3831855,-83.1674229,Google canonical URL + verified,https://www.google.com/maps/place/Suwannee+River+State+Park+-+Ranger+Station/data=!4m2!3m1!1s0x88eeea27cd773961:0xecb171ab4aae3399
Billy Goat Boats,,42.5885943,-72.3081101,Google canonical URL + verified,https://www.google.com/maps/place/Billy+Goat+Boats/data=!4m2!3m1!1s0x89e1477bfa821453:0x2b8a25aac50353bb
Bald Eagle Boat Ramp,,41.1119899,-77.5016181,Google canonical URL + verified,https://www.google.com/maps/place/Bald+Eagle+Boat+Ramp/data=!4m2!3m1!1s0x89cef24ef64e6481:0x9d25d442ea05f6b1
Jersey Shore Boat Club Boat Launch,,41.2017086,-77.2529492,Google canonical URL + verified,https://www.google.com/maps/place/Jersey+Shore+Boat+Club+Boat+Launch/data=!4m2!3m1!1s0x89ceff653b063d8d:0xd5425e648abd3fbc
Torbert Canoe Launch,,41.2196672,-77.3204728,Google canonical URL + verified,https://www.google.com/maps/place/Torbert+Canoe+Launch/data=!4m2!3m1!1s0x89ce571e856c5983:0x8690dc5619d78080
202-296 NY-13A,,42.4384224,-76.5170206,Google canonical URL + verified,https://www.google.com/maps/place/202-296+NY-13A/data=!4m2!3m1!1s0x89d0816dcb558869:0x23a0cf3b7dc4ff81
State Fishing Acc,,42.2375226,-75.846767,Google canonical URL + verified,https://www.google.com/maps/place/State+Fishing+Acc/data=!4m2!3m1!1s0x89daf90ca3706065:0x690ed85ccc86fb30
Big Shoals State Park,,30.352408,-82.6903539,Google canonical URL + verified,https://www.google.com/maps/place/Big+Shoals+State+Park/data=!4m2!3m1!1s0x88ef170062f93d33:0xc11a7d5e126c4a05
11195 NE 2nd Way,,42.614852,-73.9708125,Google canonical URL,https://www.google.com/maps/place/11195+NE+2nd+Way/data=!4m2!3m1!1s0x88e8d3ae53091651:0x1b06ee164fe80396
Newton Boathouse Public Parking,,42.3445289,-71.261722,Google canonical URL + verified,https://www.google.com/maps/place/Newton+Boathouse+Public+Parking/data=!4m2!3m1!1s0x89e383a18e8c9329:0xe01e71dd4d6414f6
Delta Lake Park,,43.2903512,-75.4166619,Google canonical URL + verified,https://www.google.com/maps/place/Delta+Lake+Park/data=!4m2!3m1!1s0x89d917383be3de05:0x1dcf7c600b559a37
Roger's Park,,28.5315651,-82.6273617,Google canonical URL + verified,https://www.google.com/maps/place/Roger's+Park/data=!4m2!3m1!1s0x88e8213d52d15455:0x9cd168620fe2e465
Blue Sink Launch,,30.3405,-82.8198333,Google canonical URL + verified,https://www.google.com/maps/place/Blue+Sink+Launch/data=!4m2!3m1!1s0x88ef18ad3c481491:0x2ef2932e03de9209
Big Shoals Trail,,30.3524474,-82.6878202,Google canonical URL + verified,https://www.google.com/maps/place/Big+Shoals+Trail/data=!4m2!3m1!1s0x88ef164c75d4d425:0x5d47092a44ed2c15
Cone Bridge Boat Ramp,,30.445115,-82.6709199,Google canonical URL + verified,https://www.google.com/maps/place/Cone+Bridge+Boat+Ramp/data=!4m2!3m1!1s0x88ef114b19478b85:0x6055c8c3c0106156
Cypress Creek Launch,,30.5081771,-82.7170257,Google canonical URL + verified,https://www.google.com/maps/place/Cypress+Creek+Launch/data=!4m2!3m1!1s0x88ef11160428b5c1:0x8c49ea3c74f52aa7
Roline Boat Ramp,,30.5641378,-82.7255052,Google canonical URL + verified,https://www.google.com/maps/place/Roline+Boat+Ramp/data=!4m2!3m1!1s0x88ef0f7ca7444279:0x9a82e72f877ae432
Oak Orchard Rd by Mud Creek,,43.2048725,-76.2137578,Direct KML URL,"https://www.google.com/maps/search/43.2048725,-76.2137578"
Stephen Foster Memorial Monument,,30.6829639,-82.5609801,Google canonical URL + verified,https://www.google.com/maps/place/Stephen+Foster+Memorial+Monument/data=!4m2!3m1!1s0x88efa0002214cbc7:0xa2aa2c77330a8177
Griffis Fish Camp,,30.7825246,-82.4436155,Google canonical URL + verified,https://www.google.com/maps/place/Griffis+Fish+Camp/data=!4m2!3m1!1s0x88ef9bff609f3a6b:0xe9fd4ae2c390340e
Robinson Launch on the Susquehanna,,42.4005725,-75.1583377,Direct KML URL,"https://www.google.com/maps/search/42.4005725,-75.1583377"
Hem Street Memorial County Park,,42.4475515,-75.1162265,Google !3d/!4d,https://www.google.com/maps/place/Hem+Street+Memorial+County+Park/data=!4m2!3m1!1s0x89db8dcb9a2e3b29:0x7e0c70c127f7411c
Wells Bridge Fishing Access,,42.3769105,-75.2010628,Google canonical URL + verified,https://www.google.com/maps/place/Wells+Bridge+Fishing+Access/data=!4m2!3m1!1s0x89db91002938a56f:0x327688c287f4b82f
Wells Bridge Fishing Access,,42.3707696,-75.2088506,Google canonical URL + verified,https://www.google.com/maps/place/Wells+Bridge+Fishing+Access/data=!4m2!3m1!1s0x89db9145d3b32c85:0xbe3f3f180bc0b1d6
"43°05'31.8""N 73°39'36.6""W",,43.09217,-73.660166,Direct KML URL,"https://www.google.com/maps/search/43.09217,-73.660166"
Montoursville Access and Boat Launch,,41.2335368,-76.9296699,Google canonical URL + verified,https://www.google.com/maps/place/Montoursville+Access+and+Boat+Launch/data=!4m2!3m1!1s0x89cfa6b7efec4cbd:0xf771eff01f7f9cdc
Hawkins Bridge,,39.7143571,-74.56582,Google canonical URL + verified,https://www.google.com/maps/place/Hawkins+Bridge/data=!4m2!3m1!1s0x89c118f471cfcab5:0xf9f11f6fd700d55c
Suwannee River Wayside Park,,30.3255352,-82.7391798,Google canonical URL + verified,https://www.google.com/maps/place/Suwannee+River+Wayside+Park/data=!4m2!3m1!1s0x88ef22aa5972a601:0xd7a149360e013ff9
Historic Mount Orne Covered Bridge,,44.4601941,-71.6528186,Google canonical URL + verified,https://www.google.com/maps/place/Historic+Mount+Orne+Covered+Bridge/data=!4m2!3m1!1s0x4cb41396f80d4533:0xf472161bdd501b51
SR 47 Boat Ramp,,29.8644577,-82.7400756,Google canonical URL + verified,https://www.google.com/maps/place/SR+47+Boat+Ramp/data=!4m2!3m1!1s0x88e8d1ff2ca8e751:0x350c3066eb28d95
Silver Springs,,29.214213,-81.9923465,Google canonical URL + verified,https://www.google.com/maps/place/Silver+Springs/data=!4m2!3m1!1s0x88e633036833f547:0xa0c9155410321fd5
Gibson County Park,,30.4420336,-83.0967866,Google canonical URL + verified,https://www.google.com/maps/place/Gibson+County+Park/data=!4m2!3m1!1s0x88eeef4bd00ee62f:0x52ff1fde8ed36292
Manatee Springs State Park Campground,,29.486622,-82.976048,Google canonical URL + verified,https://www.google.com/maps/place/Manatee+Springs+State+Park+Campground/data=!4m2!3m1!1s0x88e91dbedf7d88bd:0x493cfd0b55ad86c4
Connecticut River Greenway Riverfront Park - City of Northampton,,42.3429644,-72.6364086,Google canonical URL + verified,https://www.google.com/maps/place/Connecticut+River+Greenway+Riverfront+Park+-+City+of+Northampton/data=!4m2!3m1!1s0x89e6d7207851c0ed:0x348aad568394594a
Westons Beach,,44.0178479,-70.9912276,Google canonical URL + verified,https://www.google.com/maps/place/Westons+Beach/data=!4m2!3m1!1s0x4cb3a87223deb009:0x74f67114dac3334e
Public river access parking probably,,43.9546552,-70.8836513,Google canonical URL + verified,https://www.google.com/maps/place/Public+river+access+parking+probably/data=!4m2!3m1!1s0x4cb301004f1ebbed:0xf96ed25a31195765
Public state free canoe river access,,43.9555921,-70.8829331,Google canonical URL + verified,https://www.google.com/maps/place/Public+state+free+canoe+river+access/data=!4m2!3m1!1s0x4cb301004b364823:0x9ae37dc0feb85cb7
"Schroon River Canoe/kayak Access at County Home Bridge, Warrensburg",,43.5116052,-73.7469091,Google canonical URL + verified,"https://www.google.com/maps/place/Schroon+River+Canoe%2Fkayak+Access+at+County+Home+Bridge,+Warrensburg/data=!4m2!3m1!1s0x89dfc22088578603:0x508750ff1f8aaa72"
"DEC Boat Launch, Skaneateles Lake",,42.9109221,-76.4228199,Google canonical URL + verified,"https://www.google.com/maps/place/DEC+Boat+Launch,+Skaneateles+Lake/data=!4m2!3m1!1s0x89da00cee985e163:0x5e429851dfd02e96"
Starbuckville Dam,,43.6759117,-73.779399,Google canonical URL + verified,https://www.google.com/maps/place/Starbuckville+Dam/data=!4m2!3m1!1s0x89dfed91add39ac1:0x4ead75375f9ed98d
Schroon Lake Waterway Access,,43.7260589,-73.8091354,Google canonical URL + verified,https://www.google.com/maps/place/Schroon+Lake+Waterway+Access/data=!4m2!3m1!1s0x89dff2e33eeed991:0xa395b56541e5f58
Seneca Falls Recreation & Park,,42.9097038,-76.8017628,Google canonical URL + verified,https://www.google.com/maps/place/Seneca+Falls+Recreation+%26+Park/data=!4m2!3m1!1s0x89d0b7b548a4ec31:0x494dce0d78c622ed
Mud Lock DEC Boat Ramp,,42.9464038,-76.7337707,Google canonical URL + verified,https://www.google.com/maps/place/Mud+Lock+DEC+Boat+Ramp/data=!4m2!3m1!1s0x89d0b5bc32bb088f:0x11abf9fd50c831da
Three Rivers Point,,43.2008431,-76.2789793,Google canonical URL + verified,https://www.google.com/maps/place/Three+Rivers+Point/data=!4m2!3m1!1s0x89d9e604cd9e0739:0xd461472ee612b26b
Lock Island Park,,43.2295792,-76.3027564,Google !3d/!4d,https://www.google.com/maps/place/Lock+Island+Park/data=!4m2!3m1!1s0x89d9e64c52018735:0x18a9c145bf67964b
Gypsy Bay Park,,42.9263252,-75.8661041,Google !3d/!4d,https://www.google.com/maps/place/Gypsy+Bay+Park/data=!4m2!3m1!1s0x89d98790b2b1fa1b:0x5e7899b66c1ce88c
South Bay State Boat Launch,,43.5751524,-73.433522,Google canonical URL + verified,https://www.google.com/maps/place/South+Bay+State+Boat+Launch/data=!4m2!3m1!1s0x89e009913006a109:0x1b0eedd4ebe0ed45
Erie canal state park - Manlius Center Road &Minoa,,43.0538154,-76.0004302,Google canonical URL + verified,https://www.google.com/maps/place/Erie+canal+state+park+-+Manlius+Center+Road+%26Minoa/data=!4m2!3m1!1s0x89d98d20bb9439dd:0x8ea9c06c90a0c530
Bellamy Harbor Park,,43.2020444,-75.4496843,Google canonical URL + verified,https://www.google.com/maps/place/Bellamy+Harbor+Park/data=!4m2!3m1!1s0x89d9139d978eaa2f:0x66eb2df1af848036
Lake Flower Boat Launch,,44.3233619,-74.1255438,Google canonical URL + verified,https://www.google.com/maps/place/Lake+Flower+Boat+Launch/data=!4m2!3m1!1s0x4ccb1b2691ec1a21:0xc9fc8f8c2a268c43
9293 Bonta Bridge Rd,,43.0756803,-76.5139573,Google !3d/!4d,https://www.google.com/maps/place/9293+Bonta+Bridge+Rd/data=!4m2!3m1!1s0x89d7569acb2b1675:0x6746282b3bf913b4
1161 Old Rte 31,,43.09882,-76.4222768,Google canonical URL + verified,https://www.google.com/maps/place/1161+Old+Rte+31/data=!4m2!3m1!1s0x89d9fd08a5594f27:0x3316c6d1a4be4ba0
Dropped pin,,43.098939,-76.4227233,Direct KML URL,"https://www.google.com/maps/search/43.098939,-76.4227233"
"Lyons Falls, NY Lower Boat Launch",,43.620692,-75.357904,Google canonical URL + verified,"https://www.google.com/maps/place/Lyons+Falls,+NY+Lower+Boat+Launch/data=!4m2!3m1!1s0x89d8e9004f4755cf:0xac81ed00c6470ee7"
Burdicks Crossing Fishing Access,,43.6788753,-75.3648279,Google canonical URL + verified,https://www.google.com/maps/place/Burdicks+Crossing+Fishing+Access/data=!4m2!3m1!1s0x89d8e9f4d3c5fb15:0xf38c04b81ea9cfdd
Salmon River Reservoir Parking,,43.5512153,-75.8888816,Google canonical URL + verified,https://www.google.com/maps/place/Salmon+River+Reservoir+Parking/data=!4m2!3m1!1s0x89d8539522e5cf45:0xc70201ff2ab6b7f1
"42°14'17.1""N 75°50'46.4""W",,42.238091,-75.846222,Direct KML URL,"https://www.google.com/maps/search/42.238091,-75.846222"
Baldwinsville Community Park,,43.1462047,-76.3211278,Google canonical URL + verified,https://www.google.com/maps/place/Baldwinsville+Community+Park/data=!4m2!3m1!1s0x89d9e345ee179ebd:0xe2f82c5c04e15278
"42°23'49.5""N 75°57'37.4""W",,42.397081,-75.960375,Direct KML URL,"https://www.google.com/maps/search/42.397081,-75.960375"
"42°23'58.0""N 75°58'19.7""W",,42.39944,-75.972133,Direct KML URL,"https://www.google.com/maps/search/42.39944,-75.972133"
West Branch Fish Creek Fishing Access,,43.2679336,-75.6398815,Google canonical URL + verified,https://www.google.com/maps/place/West+Branch+Fish+Creek+Fishing+Access/data=!4m2!3m1!1s0x89d9095e9f50040b:0x3fa870ef3324d36a
Erie Canal 1st Bypass,,43.19535,-75.7290729,Google canonical URL + verified,https://www.google.com/maps/place/Erie+Canal+1st+Bypass/data=!4m2!3m1!1s0x89d99ff6dcdd2927:0x663fe1ee498bee63
DEC Boat Launch,,43.2029311,-75.7109737,Google canonical URL + verified,https://www.google.com/maps/place/DEC+Boat+Launch/data=!4m2!3m1!1s0x89d90b6a13f1d29d:0x5692e1e40a0309c6
Black River Waterway Access,,43.8955918,-75.5049221,Google canonical URL + verified,https://www.google.com/maps/place/Black+River+Waterway+Access/data=!4m2!3m1!1s0x89d89037fad22ab9:0xa3372e30062d21aa
Riverbend Park,,43.9739373,-75.6116978,Google canonical URL + verified,https://www.google.com/maps/place/Riverbend+Park/data=!4m2!3m1!1s0x89d885a6be8e5bb1:0x18b5d6e45e2ef677
West Carthage Boat Launch and park,,43.9844016,-75.628229,Google canonical URL + verified,https://www.google.com/maps/place/West+Carthage+Boat+Launch+and+park/data=!4m2!3m1!1s0x89d8874ff6fbde29:0xa8da7842425339cc
"43°42'42.6""N 75°23'59.5""W",,43.711838,-75.399851,Direct KML URL,"https://www.google.com/maps/search/43.711838,-75.399851"
2998 Hyatt Rd,,42.9393117,-76.7616683,Google canonical URL + verified,https://www.google.com/maps/place/2998+Hyatt+Rd/data=!4m2!3m1!1s0x89d0b69eb2ee8c8b:0x48cc346840eb4449
6787 Plainville Rd,,43.0992022,-76.4240429,Google canonical URL + verified,https://www.google.com/maps/place/6787+Plainville+Rd/data=!4m2!3m1!1s0x89d9fd08d13e0fa7:0x573330faadf4e2e9
Richmond Canoe Club,,51.4540346,-0.3027185,Google canonical URL + verified,https://www.google.com/maps/place/Richmond+Canoe+Club/data=!4m2!3m1!1s0x48760c3fa8e5b155:0xcdbb8ad8140d0da4
Boat Launch for Waneta and Lamoka Lakes,,42.4217414,-77.088862,Google canonical URL + verified,https://www.google.com/maps/place/Boat+Launch+for+Waneta+and+Lamoka+Lakes/data=!4m2!3m1!1s0x89d0566cbf9b92bb:0xf10b8e9bc3a8a99c
Boat ramp,,42.3751884,-77.1032584,Google canonical URL + verified,https://www.google.com/maps/place/Boat+ramp/data=!4m2!3m1!1s0x89d0552ad1d87ec5:0xe1a1fb8336e1e89c
Clute Park,,42.3854106,-76.8596697,Google canonical URL + verified,https://www.google.com/maps/place/Clute+Park/data=!4m2!3m1!1s0x89d05fb032047305:0xf4a8a81c0cf71cec
Onondaga Lake Park Public Canoe and Kayak Launch,,43.120865,-76.2474024,Google canonical URL + verified,https://www.google.com/maps/place/Onondaga+Lake+Park+Public+Canoe+and+Kayak+Launch/data=!4m2!3m1!1s0x89d9efe22d5f5cbd:0xabcf4401c1bf2e9a
267 W Shr Trl,,43.1163959,-76.2448718,Google canonical URL + verified,https://www.google.com/maps/place/267+W+Shr+Trl/data=!4m2!3m1!1s0x89d9efdc2cfce479:0x80663c881d27a9cb
State boat launch,,43.128627,-76.257864,Google canonical URL + verified,https://www.google.com/maps/place/State+boat+launch/data=!4m2!3m1!1s0x89d9efe6387ec8fb:0x83e98f32c0706d7c
"42°59'47.8""N 76°45'40.3""W",,42.996614,-76.761182,Direct KML URL,"https://www.google.com/maps/search/42.996614,-76.761182"
DEC Boat Ramp,,43.0784962,-76.6450274,Google canonical URL + verified,https://www.google.com/maps/place/DEC+Boat+Ramp/data=!4m2!3m1!1s0x89d74dd7c61fab79:0x7f5ab297f06e5562
"45°45'08.2""N 74°01'10.2""W",,45.752289,-74.019508,Direct KML URL,"https://www.google.com/maps/search/45.752289,-74.019508"
"32°56'08.1""N 80°24'10.7""W",,32.935574,-80.402975,Direct KML URL,"https://www.google.com/maps/search/32.935574,-80.402975"
Newton Boathouse Public Parking,,42.614852,-73.9708125,Google canonical URL,https://www.google.com/maps/place/Newton+Boathouse+Public+Parking/data=!4m2!3m1!1s0x89e3833e83a90015:0x671361f9bb6e79f1
Riverfront Park,,43.2398604,-76.1410861,Google canonical URL + verified,https://www.google.com/maps/place/Riverfront+Park/data=!4m2!3m1!1s0x89d9eb9a5a9c8691:0x243c0f57dd5139da
Otisco Lake DEC Boat Ramp,,42.843534,-76.2638806,Google canonical URL + verified,https://www.google.com/maps/place/Otisco+Lake+DEC+Boat+Ramp/data=!4m2!3m1!1s0x89da1b63225db531:0xf9109a5aa3c3eda5
West Branch Fish Creek Fishing Access,,43.3893318,-75.8131103,Google canonical URL + verified,https://www.google.com/maps/place/West+Branch+Fish+Creek+Fishing+Access/data=!4m2!3m1!1s0x89d9af3204767031:0x7cc4e924d0822282
Needham Street Launch,,42.270761,-71.1918962,Google canonical URL + verified,https://www.google.com/maps/place/Needham+Street+Launch/data=!4m2!3m1!1s0x89e37f6ac8ac3563:0x57344d6832005fe1
Rock Creek Park & Campground,,45.6915938,-121.8937826,Google canonical URL + verified,https://www.google.com/maps/place/Rock+Creek+Park+%26+Campground/data=!4m2!3m1!1s0x5495dd4f439786e3:0x2acae0d2b43aeaf8
Wanda Canoe Club,,40.8596786,-74.0311598,Google canonical URL + verified,https://www.google.com/maps/place/Wanda+Canoe+Club/data=!4m2!3m1!1s0x89c2f9dfbfcb0b65:0x8b7fbc5e5f043cbf
Lambs Creek Boat Ramp,,41.8534402,-77.1144265,Google canonical URL + verified,https://www.google.com/maps/place/Lambs+Creek+Boat+Ramp/data=!4m2!3m1!1s0x89d02a3006a37cbf:0x5a254f40da5da3af
#15 White Wagon Boat Launch (Chemung River),,42.614852,-73.9708125,Google canonical URL,https://www.google.com/maps/place/%2315+White+Wagon+Boat+Launch+(Chemung+River)/data=!4m2!3m1!1s0x89d00c3c84eaa40d:0x2bc32ac28509d5d2
Wyncoop Creek Boat Launch,,42.00328,-76.6339233,Google canonical URL + verified,https://www.google.com/maps/place/Wyncoop+Creek+Boat+Launch/data=!4m2!3m1!1s0x89d00dfd9247cef9:0x822486c2a604e4bb
#14 Toll Bridge Park Boat Launch (Chemung River),,42.0175929,-76.723146,Google canonical URL + verified,https://www.google.com/maps/place/%2314+Toll+Bridge+Park+Boat+Launch+(Chemung+River)/data=!4m2!3m1!1s0x89d013fca72f7d29:0x80edecf837190b18
Allan H. Treman State Marine Park,,42.4573166,-76.512653,Google canonical URL + verified,https://www.google.com/maps/place/Allan+H.+Treman+State+Marine+Park/data=!4m2!3m1!1s0x89d080cb659455d5:0xe72acc997bff7ae6
Ithaca Dragon Boat Club,,42.4529589,-76.5124743,Google canonical URL + verified,https://www.google.com/maps/place/Ithaca+Dragon+Boat+Club/data=!4m2!3m1!1s0x89d0817d672d9457:0xe4a1a875cfb2c0a
Willow Dr,,43.1942918,-75.7285833,Google canonical URL + verified,https://www.google.com/maps/place/Willow+Dr/data=!4m2!3m1!1s0x89d99ff6d5249179:0x2929513876de388d
Aqueduct Rowing Club,,42.8489863,-73.8894436,Google canonical URL + verified,https://www.google.com/maps/place/Aqueduct+Rowing+Club/data=!4m2!3m1!1s0x89de6deb6f8ea65f:0x9a349f5f8c42c10
Mercer Park,,43.1586101,-76.3372983,Google canonical URL,https://www.google.com/maps/place/Mercer+Park/data=!4m2!3m1!1s0x89d9e4f5a8d52c2b:0x8c7836a8ce65e869
Emerson Park,,42.9050645,-76.5386107,Google canonical URL + verified,https://www.google.com/maps/place/Emerson+Park/data=!4m2!3m1!1s0x89d0a94f71926bf1:0x8eadd680a188f9bf
Black Creek boat launch,,,,FAILED,https://www.google.com/maps/place/Black+Creek+boat+launch/data=!4m2!3m1!1s0x89d14d07a98c375f:0xcd20c3077696ea72
BayCreek Paddling Center,,43.1757378,-77.5261892,Google canonical URL + verified,https://www.google.com/maps/place/BayCreek+Paddling+Center/data=!4m2!3m1!1s0x89d6ca301d468ad7:0xd18a6440d245d6a4
LaSalles Landing Park,,43.176312,-77.5259364,Google canonical URL + verified,https://www.google.com/maps/place/LaSalles+Landing+Park/data=!4m2!3m1!1s0x89d6ca2fa24d28a3:0x57a803b4fc0c872
Erie Canal Boat Company,,43.1028579,-77.4431996,Google canonical URL + verified,https://www.google.com/maps/place/Erie+Canal+Boat+Company/data=!4m2!3m1!1s0x89d6cccbdbc1edc9:0x5108ecd8f096f3e5
Water’s Edge Campground,,42.2462666,-75.8301809,Google canonical URL + verified,https://www.google.com/maps/place/Water%E2%80%99s+Edge+Campground/data=!4m2!3m1!1s0x89daf92940481b6d:0x6333b822ee8e05cd
Marathon Civic Center,,42.4391558,-76.0339778,Google canonical URL + verified,https://www.google.com/maps/place/Marathon+Civic+Center/data=!4m2!3m1!1s0x89da5cfc6fc40001:0x4abb73ef610b84a3
Town of Cortlandville River Access and Parking,,42.614852,-73.9708125,Google canonical URL,https://www.google.com/maps/place/Town+of+Cortlandville+River+Access+and+Parking/data=!4m2!3m1!1s0x89da6a2f906fe3b9:0xbb4ef2939a116ef5
Yaman Park,"the best water level is between 3.5 ft and 5 ft",42.6096461,-76.1590194,Google canonical URL + verified,https://www.google.com/maps/place/Yaman+Park/data=!4m2!3m1!1s0x89da6b73bdde67cd:0x4f4c7f7feaedf55b
Seven Valleys New Tech Academy,,42.5996874,-76.1594159,Google canonical URL + verified,https://www.google.com/maps/place/Seven+Valleys+New+Tech+Academy/data=!4m2!3m1!1s0x89c2c882a835d027:0x4489c5e7ea1e13f5
Andrew R. Fuller Park,"Over 7 mph, have a cover with a proboat",42.7600689,-76.2679614,Google canonical URL + verified,https://www.google.com/maps/place/Andrew+R.+Fuller+Park/data=!4m2!3m1!1s0x89da11d9d3a2cd0f:0x23f114633b377a09
"Oak Island, Waterloo NY",,42.9011611,-76.8670229,Google canonical URL + verified,"https://www.google.com/maps/place/Oak+Island,+Waterloo+NY/data=!4m2!3m1!1s0x89d0c85e8a294705:0xaf4aa95de6ed0aa6"
Seneca Yacht Club,,42.8667066,-76.9400968,Google canonical URL + verified,https://www.google.com/maps/place/Seneca+Yacht+Club/data=!4m2!3m1!1s0x89d0c5ea733427fb:0x83d8ef494d067c63
Locks CS2 & CS3 - NY Canal Corp,,42.9147109,-76.7859878,Google canonical URL + verified,https://www.google.com/maps/place/Locks+CS2+%26+CS3+-+NY+Canal+Corp/data=!4m2!3m1!1s0x89d0b653d114eb5b:0xbd108febeb1df7a
Deese-Howard Boat Ramp,,30.4148161,-82.9630224,Google canonical URL + verified,https://www.google.com/maps/place/Deese-Howard+Boat+Ramp/data=!4m2!3m1!1s0x88eee16e68a09947:0xf3a3fae5a6b3c2e2
35 Lakeview Ave,,43.7096988,-74.9705491,Google canonical URL + verified,https://www.google.com/maps/place/35+Lakeview+Ave/data=!4m2!3m1!1s0x89d8b5539fdf109d:0xa4536f551474d752
Raquette River Boat Launch aka The Crusher,,44.2393434,-74.3875645,Google canonical URL + verified,https://www.google.com/maps/place/Raquette+River+Boat+Launch+aka+The+Crusher/data=!4m2!3m1!1s0x4ccb15748d00c24d:0x75b1e28aa7a573eb
Tupper Lake Boat Launch,,44.195713,-74.4837722,Google canonical URL + verified,https://www.google.com/maps/place/Tupper+Lake+Boat+Launch/data=!4m2!3m1!1s0x4ccb406302a1cf3b:0xb2bdccc21a8b90cb
Munro Park,,43.0403192,-76.3065833,Google canonical URL + verified,https://www.google.com/maps/place/Munro+Park/data=!4m2!3m1!1s0x89d9f9203921547b:0x8365c526eb884d74
Bonstead Rd Rd Public Boat Ramp,,43.210236,-76.266211,Google canonical URL + verified,https://www.google.com/maps/place/Bonstead+Rd+Rd+Public+Boat+Ramp/data=!4m2!3m1!1s0x89d9e91696d1478b:0x7a28c2478521fb63
Syracuse Chargers Boathouse,,43.1193109,-76.246469,Google canonical URL + verified,https://www.google.com/maps/place/Syracuse+Chargers+Boathouse/data=!4m2!3m1!1s0x89d9efdd6cbf8137:0xd57f62d33c99dcd8
Long Lake Town Beach,,43.9742387,-74.423973,Google canonical URL + verified,https://www.google.com/maps/place/Long+Lake+Town+Beach/data=!4m2!3m1!1s0x4ccb32520c2925c1:0xbf796ae5c3c7b3cb
Greene Community Ball Flats,,42.3305551,-75.7672052,Google canonical URL + verified,https://www.google.com/maps/place/Greene+Community+Ball+Flats/data=!4m2!3m1!1s0x89da55a89ad2fd6d:0x2502835d9d7d24b8
Dorchester Park,,42.3539931,-75.9696328,Google canonical URL + verified,https://www.google.com/maps/place/Dorchester+Park/data=!4m2!3m1!1s0x89da5921fb24baad:0x8f71c964370a43
Zaveral Racing Equipment Inc.,,42.3667545,-75.244296,Google canonical URL + verified,https://www.google.com/maps/place/Zaveral+Racing+Equipment+Inc./data=!4m2!3m1!1s0x89dba2b0af64d887:0x2406624e06cd8974
Owasco Flats Nature Preserve,,42.754922,-76.4644712,Google canonical URL + verified,https://www.google.com/maps/place/Owasco+Flats+Nature+Preserve/data=!4m2!3m1!1s0x89d0a0ac8d2aabd5:0x4a9b0d15f233ee8b
"42°26'22.3""N 76°30'58.4""W",,42.439529,-76.516218,Direct KML URL,"https://www.google.com/maps/search/42.439529,-76.516218"
"42°40'34.3""N 76°04'25.9""W",,42.676185,-76.073859,Direct KML URL,"https://www.google.com/maps/search/42.676185,-76.073859"
Saco River access,,43.8797798,-70.8028945,Google canonical URL + verified,https://www.google.com/maps/place/Saco+River+access/data=!4m2!3m1!1s0x4cb2fc2234b2d521:0xf54dbfe542015758
"43°57'20.0""N 70°52'59.7""W",,43.955549,-70.883249,Direct KML URL,"https://www.google.com/maps/search/43.955549,-70.883249"
Walker's Bridge,,44.0287132,-70.9200515,Google canonical URL + verified,https://www.google.com/maps/place/Walker's+Bridge/data=!4m2!3m1!1s0x4cb3a90dfc8adb67:0x51a1a932e1893260
Portlandville Fishing Access Site,,42.5284123,-74.9711598,Google canonical URL + verified,https://www.google.com/maps/place/Portlandville+Fishing+Access+Site/data=!4m2!3m1!1s0x89dbf5e73b99ec3d:0xe0ddbff8b8fb07f4
High Tor West River Unit WMA,,42.6511317,-77.3398734,Google canonical URL + verified,https://www.google.com/maps/place/High+Tor+West+River+Unit+WMA/data=!4m2!3m1!1s0x89d11b024d3c297d:0x55e2056d9a88e787
"30°23'10.5""N 83°10'00.7""W",,30.386254,-83.166867,Direct KML URL,"https://www.google.com/maps/search/30.386254,-83.166867"
Dropped pin,,44.2055601,-74.3250941,Direct KML URL,"https://www.google.com/maps/search/44.2055601,-74.3250941"
Dropped pin,,42.8305165,-73.9896118,Direct KML URL,"https://www.google.com/maps/search/42.8305165,-73.9896118"
Pine barrens, "Good in higer water, and in a C1",39.6602586,-74.5254574,Direct KML URL,"https://www.google.com/maps/search/39.6602586,-74.5254574"
DeRuyter Lake, "$3 fee...", 42.8010, -75.8872, hand inserted, "https://www.google.com/maps/place/42%C2%B048'03.3%22N+75%C2%B053'13.8%22W/@42.8009149,-75.8884349"
Otselic river, "Probably only good in high water", 42.582583, -75.864972, hand inserted, "https://www.google.com/maps/place/42%C2%B034'57.3%22N+75%C2%B051'53.9%22W/@42.5824161,-75.8650743,260m"
"A park Chittenango river", "Scout. Probably a high water only river", 42.441957, -75.596377, hand added, "https://www.google.com/maps/place/42%C2%B026'31.3%22N+75%C2%B035'47.1%22W/@42.4420288,-75.5970604,222m"